{"pages":["Poppins-Bold.png"],"chars":[{"id":47,"index":674,"char":"/","width":22,"height":52,"xoffset":-2,"yoffset":6,"xadvance":19,"chnl":15,"x":0,"y":0,"page":0},{"id":92,"index":719,"char":"\\","width":22,"height":52,"xoffset":6,"yoffset":6,"xadvance":34,"chnl":15,"x":0,"y":53,"page":0},{"id":123,"index":750,"char":"{","width":18,"height":51,"xoffset":2,"yoffset":8,"xadvance":21,"chnl":15,"x":0,"y":106,"page":0},{"id":125,"index":752,"char":"}","width":18,"height":51,"xoffset":1,"yoffset":8,"xadvance":21,"chnl":15,"x":0,"y":158,"page":0},{"id":40,"index":667,"char":"(","width":20,"height":51,"xoffset":2,"yoffset":8,"xadvance":20,"chnl":15,"x":0,"y":210,"page":0},{"id":41,"index":668,"char":")","width":20,"height":51,"xoffset":-2,"yoffset":8,"xadvance":20,"chnl":15,"x":19,"y":106,"page":0},{"id":91,"index":718,"char":"[","width":17,"height":51,"xoffset":3,"yoffset":8,"xadvance":21,"chnl":15,"x":19,"y":158,"page":0},{"id":93,"index":720,"char":"]","width":17,"height":51,"xoffset":2,"yoffset":8,"xadvance":21,"chnl":15,"x":23,"y":0,"page":0},{"id":106,"index":733,"char":"j","width":16,"height":49,"xoffset":-3,"yoffset":12,"xadvance":12,"chnl":15,"x":23,"y":52,"page":0},{"id":230,"index":824,"char":"æ","width":47,"height":28,"xoffset":-1,"yoffset":22,"xadvance":45,"chnl":15,"x":0,"y":262,"page":0},{"id":87,"index":714,"char":"W","width":46,"height":33,"xoffset":-1,"yoffset":17,"xadvance":44,"chnl":15,"x":21,"y":210,"page":0},{"id":197,"index":791,"char":"Å","width":34,"height":45,"xoffset":-1,"yoffset":5,"xadvance":31,"chnl":15,"x":37,"y":158,"page":0},{"id":124,"index":751,"char":"|","width":11,"height":44,"xoffset":1,"yoffset":12,"xadvance":12,"chnl":15,"x":40,"y":52,"page":0},{"id":109,"index":736,"char":"m","width":43,"height":28,"xoffset":1,"yoffset":22,"xadvance":44,"chnl":15,"x":41,"y":0,"page":0},{"id":64,"index":691,"char":"@","width":43,"height":42,"xoffset":1,"yoffset":18,"xadvance":45,"chnl":15,"x":40,"y":97,"page":0},{"id":220,"index":814,"char":"Ü","width":29,"height":43,"xoffset":0,"yoffset":8,"xadvance":30,"chnl":15,"x":52,"y":29,"page":0},{"id":214,"index":808,"char":"Ö","width":34,"height":43,"xoffset":-1,"yoffset":8,"xadvance":33,"chnl":15,"x":82,"y":29,"page":0},{"id":196,"index":790,"char":"Ä","width":34,"height":42,"xoffset":-1,"yoffset":8,"xadvance":31,"chnl":15,"x":0,"y":291,"page":0},{"id":209,"index":803,"char":"Ñ","width":30,"height":42,"xoffset":1,"yoffset":8,"xadvance":32,"chnl":15,"x":0,"y":334,"page":0},{"id":198,"index":792,"char":"Æ","width":42,"height":33,"xoffset":-2,"yoffset":17,"xadvance":40,"chnl":15,"x":0,"y":377,"page":0},{"id":36,"index":663,"char":"$","width":27,"height":41,"xoffset":0,"yoffset":13,"xadvance":28,"chnl":15,"x":31,"y":334,"page":0},{"id":119,"index":746,"char":"w","width":40,"height":27,"xoffset":-2,"yoffset":23,"xadvance":36,"chnl":15,"x":85,"y":0,"page":0},{"id":35,"index":662,"char":"#","width":40,"height":35,"xoffset":-1,"yoffset":15,"xadvance":38,"chnl":15,"x":35,"y":291,"page":0},{"id":229,"index":823,"char":"å","width":29,"height":40,"xoffset":-1,"yoffset":11,"xadvance":29,"chnl":15,"x":48,"y":244,"page":0},{"id":121,"index":748,"char":"y","width":31,"height":39,"xoffset":-2,"yoffset":23,"xadvance":27,"chnl":15,"x":68,"y":204,"page":0},{"id":112,"index":739,"char":"p","width":29,"height":39,"xoffset":1,"yoffset":22,"xadvance":29,"chnl":15,"x":72,"y":140,"page":0},{"id":113,"index":740,"char":"q","width":29,"height":39,"xoffset":-1,"yoffset":22,"xadvance":29,"chnl":15,"x":84,"y":73,"page":0},{"id":103,"index":730,"char":"g","width":29,"height":39,"xoffset":-1,"yoffset":22,"xadvance":29,"chnl":15,"x":0,"y":411,"page":0},{"id":81,"index":708,"char":"Q","width":35,"height":39,"xoffset":-1,"yoffset":16,"xadvance":33,"chnl":15,"x":0,"y":451,"page":0},{"id":105,"index":732,"char":"i","width":13,"height":38,"xoffset":0,"yoffset":12,"xadvance":12,"chnl":15,"x":30,"y":411,"page":0},{"id":37,"index":664,"char":"%","width":38,"height":34,"xoffset":-1,"yoffset":16,"xadvance":37,"chnl":15,"x":43,"y":376,"page":0},{"id":102,"index":729,"char":"f","width":18,"height":37,"xoffset":-1,"yoffset":13,"xadvance":15,"chnl":15,"x":59,"y":327,"page":0},{"id":77,"index":704,"char":"M","width":37,"height":33,"xoffset":1,"yoffset":17,"xadvance":39,"chnl":15,"x":76,"y":285,"page":0},{"id":246,"index":840,"char":"ö","width":28,"height":37,"xoffset":-1,"yoffset":14,"xadvance":27,"chnl":15,"x":78,"y":244,"page":0},{"id":228,"index":822,"char":"ä","width":29,"height":37,"xoffset":-1,"yoffset":14,"xadvance":29,"chnl":15,"x":78,"y":319,"page":0},{"id":56,"index":683,"char":"8","width":27,"height":36,"xoffset":0,"yoffset":15,"xadvance":27,"chnl":15,"x":36,"y":450,"page":0},{"id":57,"index":684,"char":"9","width":26,"height":36,"xoffset":0,"yoffset":15,"xadvance":26,"chnl":15,"x":44,"y":411,"page":0},{"id":51,"index":678,"char":"3","width":25,"height":36,"xoffset":0,"yoffset":15,"xadvance":25,"chnl":15,"x":100,"y":180,"page":0},{"id":163,"index":757,"char":"£","width":27,"height":36,"xoffset":0,"yoffset":15,"xadvance":28,"chnl":15,"x":64,"y":448,"page":0},{"id":38,"index":665,"char":"&","width":36,"height":35,"xoffset":0,"yoffset":16,"xadvance":34,"chnl":15,"x":71,"y":411,"page":0},{"id":252,"index":846,"char":"ü","width":27,"height":36,"xoffset":0,"yoffset":14,"xadvance":28,"chnl":15,"x":82,"y":357,"page":0},{"id":241,"index":835,"char":"ñ","width":27,"height":36,"xoffset":1,"yoffset":14,"xadvance":28,"chnl":15,"x":108,"y":319,"page":0},{"id":100,"index":727,"char":"d","width":29,"height":35,"xoffset":-1,"yoffset":15,"xadvance":29,"chnl":15,"x":92,"y":447,"page":0},{"id":104,"index":731,"char":"h","width":27,"height":35,"xoffset":1,"yoffset":15,"xadvance":28,"chnl":15,"x":108,"y":394,"page":0},{"id":107,"index":734,"char":"k","width":27,"height":35,"xoffset":1,"yoffset":15,"xadvance":26,"chnl":15,"x":110,"y":356,"page":0},{"id":108,"index":735,"char":"l","width":11,"height":35,"xoffset":1,"yoffset":15,"xadvance":12,"chnl":15,"x":102,"y":113,"page":0},{"id":98,"index":725,"char":"b","width":29,"height":35,"xoffset":1,"yoffset":15,"xadvance":29,"chnl":15,"x":107,"y":217,"page":0},{"id":55,"index":682,"char":"7","width":24,"height":35,"xoffset":-1,"yoffset":15,"xadvance":22,"chnl":15,"x":114,"y":253,"page":0},{"id":53,"index":680,"char":"5","width":26,"height":35,"xoffset":2,"yoffset":15,"xadvance":27,"chnl":15,"x":136,"y":289,"page":0},{"id":54,"index":681,"char":"6","width":26,"height":35,"xoffset":1,"yoffset":15,"xadvance":27,"chnl":15,"x":122,"y":430,"page":0},{"id":49,"index":676,"char":"1","width":16,"height":35,"xoffset":-1,"yoffset":15,"xadvance":16,"chnl":15,"x":136,"y":392,"page":0},{"id":50,"index":677,"char":"2","width":25,"height":35,"xoffset":0,"yoffset":15,"xadvance":24,"chnl":15,"x":122,"y":466,"page":0},{"id":48,"index":675,"char":"0","width":28,"height":35,"xoffset":0,"yoffset":15,"xadvance":27,"chnl":15,"x":148,"y":466,"page":0},{"id":33,"index":660,"char":"!","width":13,"height":35,"xoffset":2,"yoffset":15,"xadvance":16,"chnl":15,"x":149,"y":428,"page":0},{"id":63,"index":690,"char":"?","width":24,"height":35,"xoffset":-1,"yoffset":15,"xadvance":23,"chnl":15,"x":138,"y":325,"page":0},{"id":8364,"index":1005,"char":"€","width":35,"height":34,"xoffset":-1,"yoffset":16,"xadvance":33,"chnl":15,"x":153,"y":361,"page":0},{"id":216,"index":810,"char":"Ø","width":35,"height":34,"xoffset":-1,"yoffset":16,"xadvance":33,"chnl":15,"x":163,"y":396,"page":0},{"id":65,"index":692,"char":"A","width":34,"height":33,"xoffset":-1,"yoffset":17,"xadvance":31,"chnl":15,"x":163,"y":431,"page":0},{"id":85,"index":712,"char":"U","width":29,"height":34,"xoffset":0,"yoffset":17,"xadvance":30,"chnl":15,"x":177,"y":465,"page":0},{"id":79,"index":706,"char":"O","width":34,"height":34,"xoffset":-1,"yoffset":16,"xadvance":33,"chnl":15,"x":114,"y":73,"page":0},{"id":83,"index":710,"char":"S","width":26,"height":34,"xoffset":0,"yoffset":16,"xadvance":26,"chnl":15,"x":117,"y":28,"page":0},{"id":71,"index":698,"char":"G","width":33,"height":34,"xoffset":-1,"yoffset":16,"xadvance":32,"chnl":15,"x":114,"y":108,"page":0},{"id":74,"index":701,"char":"J","width":24,"height":34,"xoffset":-1,"yoffset":17,"xadvance":24,"chnl":15,"x":114,"y":143,"page":0},{"id":67,"index":694,"char":"C","width":33,"height":34,"xoffset":-1,"yoffset":16,"xadvance":32,"chnl":15,"x":126,"y":178,"page":0},{"id":86,"index":713,"char":"V","width":34,"height":33,"xoffset":-2,"yoffset":17,"xadvance":31,"chnl":15,"x":198,"y":431,"page":0},{"id":52,"index":679,"char":"4","width":29,"height":34,"xoffset":0,"yoffset":16,"xadvance":28,"chnl":15,"x":139,"y":143,"page":0},{"id":59,"index":686,"char":";","width":13,"height":34,"xoffset":0,"yoffset":22,"xadvance":15,"chnl":15,"x":148,"y":108,"page":0},{"id":116,"index":743,"char":"t","width":19,"height":33,"xoffset":-1,"yoffset":17,"xadvance":17,"chnl":15,"x":137,"y":213,"page":0},{"id":90,"index":717,"char":"Z","width":25,"height":33,"xoffset":0,"yoffset":17,"xadvance":25,"chnl":15,"x":139,"y":247,"page":0},{"id":69,"index":696,"char":"E","width":22,"height":33,"xoffset":1,"yoffset":17,"xadvance":23,"chnl":15,"x":157,"y":213,"page":0},{"id":82,"index":709,"char":"R","width":27,"height":33,"xoffset":1,"yoffset":17,"xadvance":27,"chnl":15,"x":160,"y":178,"page":0},{"id":84,"index":711,"char":"T","width":27,"height":33,"xoffset":-1,"yoffset":17,"xadvance":25,"chnl":15,"x":207,"y":465,"page":0},{"id":89,"index":716,"char":"Y","width":32,"height":33,"xoffset":-2,"yoffset":17,"xadvance":28,"chnl":15,"x":144,"y":0,"page":0},{"id":73,"index":700,"char":"I","width":11,"height":33,"xoffset":1,"yoffset":17,"xadvance":12,"chnl":15,"x":144,"y":34,"page":0},{"id":80,"index":707,"char":"P","width":26,"height":33,"xoffset":1,"yoffset":17,"xadvance":26,"chnl":15,"x":149,"y":68,"page":0},{"id":68,"index":695,"char":"D","width":31,"height":33,"xoffset":1,"yoffset":17,"xadvance":31,"chnl":15,"x":156,"y":34,"page":0},{"id":70,"index":697,"char":"F","width":23,"height":33,"xoffset":1,"yoffset":17,"xadvance":23,"chnl":15,"x":177,"y":0,"page":0},{"id":72,"index":699,"char":"H","width":30,"height":33,"xoffset":1,"yoffset":17,"xadvance":31,"chnl":15,"x":162,"y":102,"page":0},{"id":75,"index":702,"char":"K","width":30,"height":33,"xoffset":1,"yoffset":17,"xadvance":29,"chnl":15,"x":176,"y":68,"page":0},{"id":76,"index":703,"char":"L","width":21,"height":33,"xoffset":1,"yoffset":17,"xadvance":20,"chnl":15,"x":188,"y":34,"page":0},{"id":88,"index":715,"char":"X","width":32,"height":33,"xoffset":-1,"yoffset":17,"xadvance":30,"chnl":15,"x":201,"y":0,"page":0},{"id":66,"index":693,"char":"B","width":28,"height":33,"xoffset":1,"yoffset":17,"xadvance":28,"chnl":15,"x":169,"y":136,"page":0},{"id":78,"index":705,"char":"N","width":30,"height":33,"xoffset":1,"yoffset":17,"xadvance":32,"chnl":15,"x":193,"y":102,"page":0},{"id":1040,"index":0,"char":"А","width":25,"height":33,"xoffset":-2,"yoffset":17,"xadvance":21,"chnl":15,"x":207,"y":68,"page":0},{"id":1072,"index":0,"char":"а","width":25,"height":33,"xoffset":-2,"yoffset":17,"xadvance":21,"chnl":15,"x":210,"y":34,"page":0},{"id":1041,"index":0,"char":"Б","width":25,"height":33,"xoffset":-2,"yoffset":17,"xadvance":21,"chnl":15,"x":234,"y":0,"page":0},{"id":1073,"index":0,"char":"б","width":25,"height":33,"xoffset":-2,"yoffset":17,"xadvance":21,"chnl":15,"x":163,"y":281,"page":0},{"id":1042,"index":0,"char":"В","width":25,"height":33,"xoffset":-2,"yoffset":17,"xadvance":21,"chnl":15,"x":165,"y":247,"page":0},{"id":1074,"index":0,"char":"в","width":25,"height":33,"xoffset":-2,"yoffset":17,"xadvance":21,"chnl":15,"x":180,"y":212,"page":0},{"id":1043,"index":0,"char":"Г","width":25,"height":33,"xoffset":-2,"yoffset":17,"xadvance":21,"chnl":15,"x":188,"y":170,"page":0},{"id":1075,"index":0,"char":"г","width":25,"height":33,"xoffset":-2,"yoffset":17,"xadvance":21,"chnl":15,"x":198,"y":136,"page":0},{"id":1044,"index":0,"char":"Д","width":25,"height":33,"xoffset":-2,"yoffset":17,"xadvance":21,"chnl":15,"x":163,"y":315,"page":0},{"id":1076,"index":0,"char":"д","width":25,"height":33,"xoffset":-2,"yoffset":17,"xadvance":21,"chnl":15,"x":189,"y":281,"page":0},{"id":1045,"index":0,"char":"Е","width":25,"height":33,"xoffset":-2,"yoffset":17,"xadvance":21,"chnl":15,"x":191,"y":246,"page":0},{"id":1077,"index":0,"char":"е","width":25,"height":33,"xoffset":-2,"yoffset":17,"xadvance":21,"chnl":15,"x":206,"y":204,"page":0},{"id":1025,"index":0,"char":"Ё","width":25,"height":33,"xoffset":-2,"yoffset":17,"xadvance":21,"chnl":15,"x":214,"y":170,"page":0},{"id":1105,"index":0,"char":"ё","width":25,"height":33,"xoffset":-2,"yoffset":17,"xadvance":21,"chnl":15,"x":224,"y":102,"page":0},{"id":1046,"index":0,"char":"Ж","width":25,"height":33,"xoffset":-2,"yoffset":17,"xadvance":21,"chnl":15,"x":233,"y":68,"page":0},{"id":1078,"index":0,"char":"ж","width":25,"height":33,"xoffset":-2,"yoffset":17,"xadvance":21,"chnl":15,"x":224,"y":136,"page":0},{"id":1047,"index":0,"char":"З","width":25,"height":33,"xoffset":-2,"yoffset":17,"xadvance":21,"chnl":15,"x":236,"y":34,"page":0},{"id":1079,"index":0,"char":"з","width":25,"height":33,"xoffset":-2,"yoffset":17,"xadvance":21,"chnl":15,"x":260,"y":0,"page":0},{"id":1048,"index":0,"char":"И","width":25,"height":33,"xoffset":-2,"yoffset":17,"xadvance":21,"chnl":15,"x":189,"y":315,"page":0},{"id":1080,"index":0,"char":"и","width":25,"height":33,"xoffset":-2,"yoffset":17,"xadvance":21,"chnl":15,"x":189,"y":349,"page":0},{"id":1049,"index":0,"char":"Й","width":25,"height":33,"xoffset":-2,"yoffset":17,"xadvance":21,"chnl":15,"x":199,"y":383,"page":0},{"id":1081,"index":0,"char":"й","width":25,"height":33,"xoffset":-2,"yoffset":17,"xadvance":21,"chnl":15,"x":215,"y":280,"page":0},{"id":1050,"index":0,"char":"К","width":25,"height":33,"xoffset":-2,"yoffset":17,"xadvance":21,"chnl":15,"x":217,"y":238,"page":0},{"id":1082,"index":0,"char":"к","width":25,"height":33,"xoffset":-2,"yoffset":17,"xadvance":21,"chnl":15,"x":232,"y":204,"page":0},{"id":1051,"index":0,"char":"Л","width":25,"height":33,"xoffset":-2,"yoffset":17,"xadvance":21,"chnl":15,"x":240,"y":170,"page":0},{"id":1083,"index":0,"char":"л","width":25,"height":33,"xoffset":-2,"yoffset":17,"xadvance":21,"chnl":15,"x":250,"y":102,"page":0},{"id":1052,"index":0,"char":"М","width":25,"height":33,"xoffset":-2,"yoffset":17,"xadvance":21,"chnl":15,"x":259,"y":68,"page":0},{"id":1084,"index":0,"char":"м","width":25,"height":33,"xoffset":-2,"yoffset":17,"xadvance":21,"chnl":15,"x":250,"y":136,"page":0},{"id":1053,"index":0,"char":"Н","width":25,"height":33,"xoffset":-2,"yoffset":17,"xadvance":21,"chnl":15,"x":262,"y":34,"page":0},{"id":1085,"index":0,"char":"н","width":25,"height":33,"xoffset":-2,"yoffset":17,"xadvance":21,"chnl":15,"x":286,"y":0,"page":0},{"id":1054,"index":0,"char":"О","width":25,"height":33,"xoffset":-2,"yoffset":17,"xadvance":21,"chnl":15,"x":215,"y":314,"page":0},{"id":1086,"index":0,"char":"о","width":25,"height":33,"xoffset":-2,"yoffset":17,"xadvance":21,"chnl":15,"x":215,"y":348,"page":0},{"id":1055,"index":0,"char":"П","width":25,"height":33,"xoffset":-2,"yoffset":17,"xadvance":21,"chnl":15,"x":225,"y":382,"page":0},{"id":1087,"index":0,"char":"п","width":25,"height":33,"xoffset":-2,"yoffset":17,"xadvance":21,"chnl":15,"x":233,"y":416,"page":0},{"id":1056,"index":0,"char":"Р","width":25,"height":33,"xoffset":-2,"yoffset":17,"xadvance":21,"chnl":15,"x":235,"y":450,"page":0},{"id":1088,"index":0,"char":"р","width":25,"height":33,"xoffset":-2,"yoffset":17,"xadvance":21,"chnl":15,"x":241,"y":272,"page":0},{"id":1057,"index":0,"char":"С","width":25,"height":33,"xoffset":-2,"yoffset":17,"xadvance":21,"chnl":15,"x":243,"y":238,"page":0},{"id":1089,"index":0,"char":"с","width":25,"height":33,"xoffset":-2,"yoffset":17,"xadvance":21,"chnl":15,"x":258,"y":204,"page":0},{"id":1058,"index":0,"char":"Т","width":25,"height":33,"xoffset":-2,"yoffset":17,"xadvance":21,"chnl":15,"x":266,"y":170,"page":0},{"id":1090,"index":0,"char":"т","width":25,"height":33,"xoffset":-2,"yoffset":17,"xadvance":21,"chnl":15,"x":276,"y":102,"page":0},{"id":1059,"index":0,"char":"У","width":25,"height":33,"xoffset":-2,"yoffset":17,"xadvance":21,"chnl":15,"x":285,"y":68,"page":0},{"id":1091,"index":0,"char":"у","width":25,"height":33,"xoffset":-2,"yoffset":17,"xadvance":21,"chnl":15,"x":276,"y":136,"page":0},{"id":1060,"index":0,"char":"Ф","width":25,"height":33,"xoffset":-2,"yoffset":17,"xadvance":21,"chnl":15,"x":288,"y":34,"page":0},{"id":1092,"index":0,"char":"ф","width":25,"height":33,"xoffset":-2,"yoffset":17,"xadvance":21,"chnl":15,"x":312,"y":0,"page":0},{"id":1061,"index":0,"char":"Х","width":25,"height":33,"xoffset":-2,"yoffset":17,"xadvance":21,"chnl":15,"x":241,"y":306,"page":0},{"id":1093,"index":0,"char":"х","width":25,"height":33,"xoffset":-2,"yoffset":17,"xadvance":21,"chnl":15,"x":241,"y":340,"page":0},{"id":1062,"index":0,"char":"Ц","width":25,"height":33,"xoffset":-2,"yoffset":17,"xadvance":21,"chnl":15,"x":251,"y":374,"page":0},{"id":1094,"index":0,"char":"ц","width":25,"height":33,"xoffset":-2,"yoffset":17,"xadvance":21,"chnl":15,"x":259,"y":408,"page":0},{"id":1063,"index":0,"char":"Ч","width":25,"height":33,"xoffset":-2,"yoffset":17,"xadvance":21,"chnl":15,"x":261,"y":442,"page":0},{"id":1095,"index":0,"char":"ч","width":25,"height":33,"xoffset":-2,"yoffset":17,"xadvance":21,"chnl":15,"x":261,"y":476,"page":0},{"id":1064,"index":0,"char":"Ш","width":25,"height":33,"xoffset":-2,"yoffset":17,"xadvance":21,"chnl":15,"x":267,"y":272,"page":0},{"id":1096,"index":0,"char":"ш","width":25,"height":33,"xoffset":-2,"yoffset":17,"xadvance":21,"chnl":15,"x":269,"y":238,"page":0},{"id":1065,"index":0,"char":"Щ","width":25,"height":33,"xoffset":-2,"yoffset":17,"xadvance":21,"chnl":15,"x":284,"y":204,"page":0},{"id":1097,"index":0,"char":"щ","width":25,"height":33,"xoffset":-2,"yoffset":17,"xadvance":21,"chnl":15,"x":292,"y":170,"page":0},{"id":1066,"index":0,"char":"Ъ","width":25,"height":33,"xoffset":-2,"yoffset":17,"xadvance":21,"chnl":15,"x":267,"y":306,"page":0},{"id":1098,"index":0,"char":"ъ","width":25,"height":33,"xoffset":-2,"yoffset":17,"xadvance":21,"chnl":15,"x":267,"y":340,"page":0},{"id":1067,"index":0,"char":"Ы","width":25,"height":33,"xoffset":-2,"yoffset":17,"xadvance":21,"chnl":15,"x":277,"y":374,"page":0},{"id":1099,"index":0,"char":"ы","width":25,"height":33,"xoffset":-2,"yoffset":17,"xadvance":21,"chnl":15,"x":285,"y":408,"page":0},{"id":1068,"index":0,"char":"Ь","width":25,"height":33,"xoffset":-2,"yoffset":17,"xadvance":21,"chnl":15,"x":302,"y":102,"page":0},{"id":1100,"index":0,"char":"ь","width":25,"height":33,"xoffset":-2,"yoffset":17,"xadvance":21,"chnl":15,"x":311,"y":68,"page":0},{"id":1069,"index":0,"char":"Э","width":25,"height":33,"xoffset":-2,"yoffset":17,"xadvance":21,"chnl":15,"x":302,"y":136,"page":0},{"id":1101,"index":0,"char":"э","width":25,"height":33,"xoffset":-2,"yoffset":17,"xadvance":21,"chnl":15,"x":314,"y":34,"page":0},{"id":1070,"index":0,"char":"Ю","width":25,"height":33,"xoffset":-2,"yoffset":17,"xadvance":21,"chnl":15,"x":338,"y":0,"page":0},{"id":1102,"index":0,"char":"ю","width":25,"height":33,"xoffset":-2,"yoffset":17,"xadvance":21,"chnl":15,"x":287,"y":442,"page":0},{"id":1071,"index":0,"char":"Я","width":25,"height":33,"xoffset":-2,"yoffset":17,"xadvance":21,"chnl":15,"x":287,"y":476,"page":0},{"id":1103,"index":0,"char":"я","width":25,"height":33,"xoffset":-2,"yoffset":17,"xadvance":21,"chnl":15,"x":293,"y":272,"page":0},{"id":962,"index":0,"char":"ς","width":25,"height":33,"xoffset":-2,"yoffset":17,"xadvance":21,"chnl":15,"x":295,"y":238,"page":0},{"id":949,"index":0,"char":"ε","width":25,"height":33,"xoffset":-2,"yoffset":17,"xadvance":21,"chnl":15,"x":310,"y":204,"page":0},{"id":961,"index":0,"char":"ρ","width":25,"height":33,"xoffset":-2,"yoffset":17,"xadvance":21,"chnl":15,"x":318,"y":170,"page":0},{"id":964,"index":0,"char":"τ","width":25,"height":33,"xoffset":-2,"yoffset":17,"xadvance":21,"chnl":15,"x":293,"y":306,"page":0},{"id":965,"index":0,"char":"υ","width":25,"height":33,"xoffset":-2,"yoffset":17,"xadvance":21,"chnl":15,"x":293,"y":340,"page":0},{"id":952,"index":0,"char":"θ","width":25,"height":33,"xoffset":-2,"yoffset":17,"xadvance":21,"chnl":15,"x":303,"y":374,"page":0},{"id":953,"index":0,"char":"ι","width":25,"height":33,"xoffset":-2,"yoffset":17,"xadvance":21,"chnl":15,"x":311,"y":408,"page":0},{"id":959,"index":0,"char":"ο","width":25,"height":33,"xoffset":-2,"yoffset":17,"xadvance":21,"chnl":15,"x":328,"y":102,"page":0},{"id":945,"index":0,"char":"α","width":25,"height":33,"xoffset":-2,"yoffset":17,"xadvance":21,"chnl":15,"x":337,"y":68,"page":0},{"id":963,"index":0,"char":"σ","width":25,"height":33,"xoffset":-2,"yoffset":17,"xadvance":21,"chnl":15,"x":328,"y":136,"page":0},{"id":948,"index":0,"char":"δ","width":25,"height":33,"xoffset":-2,"yoffset":17,"xadvance":21,"chnl":15,"x":340,"y":34,"page":0},{"id":966,"index":0,"char":"φ","width":25,"height":33,"xoffset":-2,"yoffset":17,"xadvance":21,"chnl":15,"x":364,"y":0,"page":0},{"id":947,"index":0,"char":"γ","width":25,"height":33,"xoffset":-2,"yoffset":17,"xadvance":21,"chnl":15,"x":313,"y":442,"page":0},{"id":951,"index":0,"char":"η","width":25,"height":33,"xoffset":-2,"yoffset":17,"xadvance":21,"chnl":15,"x":313,"y":476,"page":0},{"id":958,"index":0,"char":"ξ","width":25,"height":33,"xoffset":-2,"yoffset":17,"xadvance":21,"chnl":15,"x":319,"y":272,"page":0},{"id":954,"index":0,"char":"κ","width":25,"height":33,"xoffset":-2,"yoffset":17,"xadvance":21,"chnl":15,"x":321,"y":238,"page":0},{"id":955,"index":0,"char":"λ","width":25,"height":33,"xoffset":-2,"yoffset":17,"xadvance":21,"chnl":15,"x":336,"y":204,"page":0},{"id":950,"index":0,"char":"ζ","width":25,"height":33,"xoffset":-2,"yoffset":17,"xadvance":21,"chnl":15,"x":344,"y":170,"page":0},{"id":967,"index":0,"char":"χ","width":25,"height":33,"xoffset":-2,"yoffset":17,"xadvance":21,"chnl":15,"x":319,"y":306,"page":0},{"id":968,"index":0,"char":"ψ","width":25,"height":33,"xoffset":-2,"yoffset":17,"xadvance":21,"chnl":15,"x":319,"y":340,"page":0},{"id":969,"index":0,"char":"ω","width":25,"height":33,"xoffset":-2,"yoffset":17,"xadvance":21,"chnl":15,"x":329,"y":374,"page":0},{"id":946,"index":0,"char":"β","width":25,"height":33,"xoffset":-2,"yoffset":17,"xadvance":21,"chnl":15,"x":337,"y":408,"page":0},{"id":957,"index":0,"char":"ν","width":25,"height":33,"xoffset":-2,"yoffset":17,"xadvance":21,"chnl":15,"x":354,"y":102,"page":0},{"id":956,"index":0,"char":"μ","width":25,"height":33,"xoffset":-2,"yoffset":17,"xadvance":21,"chnl":15,"x":363,"y":68,"page":0},{"id":917,"index":0,"char":"Ε","width":25,"height":33,"xoffset":-2,"yoffset":17,"xadvance":21,"chnl":15,"x":354,"y":136,"page":0},{"id":929,"index":0,"char":"Ρ","width":25,"height":33,"xoffset":-2,"yoffset":17,"xadvance":21,"chnl":15,"x":366,"y":34,"page":0},{"id":932,"index":0,"char":"Τ","width":25,"height":33,"xoffset":-2,"yoffset":17,"xadvance":21,"chnl":15,"x":390,"y":0,"page":0},{"id":933,"index":0,"char":"Υ","width":25,"height":33,"xoffset":-2,"yoffset":17,"xadvance":21,"chnl":15,"x":339,"y":442,"page":0},{"id":920,"index":0,"char":"Θ","width":25,"height":33,"xoffset":-2,"yoffset":17,"xadvance":21,"chnl":15,"x":339,"y":476,"page":0},{"id":921,"index":0,"char":"Ι","width":25,"height":33,"xoffset":-2,"yoffset":17,"xadvance":21,"chnl":15,"x":345,"y":272,"page":0},{"id":927,"index":0,"char":"Ο","width":25,"height":33,"xoffset":-2,"yoffset":17,"xadvance":21,"chnl":15,"x":347,"y":238,"page":0},{"id":928,"index":0,"char":"Π","width":25,"height":33,"xoffset":-2,"yoffset":17,"xadvance":21,"chnl":15,"x":362,"y":204,"page":0},{"id":913,"index":0,"char":"Α","width":25,"height":33,"xoffset":-2,"yoffset":17,"xadvance":21,"chnl":15,"x":370,"y":170,"page":0},{"id":931,"index":0,"char":"Σ","width":25,"height":33,"xoffset":-2,"yoffset":17,"xadvance":21,"chnl":15,"x":345,"y":306,"page":0},{"id":916,"index":0,"char":"Δ","width":25,"height":33,"xoffset":-2,"yoffset":17,"xadvance":21,"chnl":15,"x":345,"y":340,"page":0},{"id":934,"index":0,"char":"Φ","width":25,"height":33,"xoffset":-2,"yoffset":17,"xadvance":21,"chnl":15,"x":355,"y":374,"page":0},{"id":915,"index":0,"char":"Γ","width":25,"height":33,"xoffset":-2,"yoffset":17,"xadvance":21,"chnl":15,"x":363,"y":408,"page":0},{"id":919,"index":0,"char":"Η","width":25,"height":33,"xoffset":-2,"yoffset":17,"xadvance":21,"chnl":15,"x":380,"y":102,"page":0},{"id":926,"index":0,"char":"Ξ","width":25,"height":33,"xoffset":-2,"yoffset":17,"xadvance":21,"chnl":15,"x":389,"y":68,"page":0},{"id":922,"index":0,"char":"Κ","width":25,"height":33,"xoffset":-2,"yoffset":17,"xadvance":21,"chnl":15,"x":380,"y":136,"page":0},{"id":923,"index":0,"char":"Λ","width":25,"height":33,"xoffset":-2,"yoffset":17,"xadvance":21,"chnl":15,"x":392,"y":34,"page":0},{"id":918,"index":0,"char":"Ζ","width":25,"height":33,"xoffset":-2,"yoffset":17,"xadvance":21,"chnl":15,"x":416,"y":0,"page":0},{"id":935,"index":0,"char":"Χ","width":25,"height":33,"xoffset":-2,"yoffset":17,"xadvance":21,"chnl":15,"x":365,"y":442,"page":0},{"id":936,"index":0,"char":"Ψ","width":25,"height":33,"xoffset":-2,"yoffset":17,"xadvance":21,"chnl":15,"x":365,"y":476,"page":0},{"id":937,"index":0,"char":"Ω","width":25,"height":33,"xoffset":-2,"yoffset":17,"xadvance":21,"chnl":15,"x":442,"y":0,"page":0},{"id":914,"index":0,"char":"Β","width":25,"height":33,"xoffset":-2,"yoffset":17,"xadvance":21,"chnl":15,"x":468,"y":0,"page":0},{"id":925,"index":0,"char":"Ν","width":25,"height":33,"xoffset":-2,"yoffset":17,"xadvance":21,"chnl":15,"x":371,"y":272,"page":0},{"id":924,"index":0,"char":"Μ","width":25,"height":33,"xoffset":-2,"yoffset":17,"xadvance":21,"chnl":15,"x":373,"y":238,"page":0},{"id":960,"index":976,"char":"π","width":32,"height":27,"xoffset":-1,"yoffset":23,"xadvance":30,"chnl":15,"x":64,"y":485,"page":0},{"id":95,"index":722,"char":"_","width":30,"height":11,"xoffset":2,"yoffset":48,"xadvance":33,"chnl":15,"x":40,"y":140,"page":0},{"id":97,"index":724,"char":"a","width":29,"height":28,"xoffset":-1,"yoffset":22,"xadvance":29,"chnl":15,"x":388,"y":204,"page":0},{"id":118,"index":745,"char":"v","width":29,"height":27,"xoffset":-2,"yoffset":23,"xadvance":26,"chnl":15,"x":396,"y":170,"page":0},{"id":58,"index":685,"char":":","width":13,"height":29,"xoffset":0,"yoffset":21,"xadvance":12,"chnl":15,"x":114,"y":289,"page":0},{"id":248,"index":842,"char":"ø","width":29,"height":28,"xoffset":-1,"yoffset":22,"xadvance":26,"chnl":15,"x":371,"y":306,"page":0},{"id":101,"index":728,"char":"e","width":28,"height":28,"xoffset":-1,"yoffset":22,"xadvance":26,"chnl":15,"x":397,"y":272,"page":0},{"id":114,"index":741,"char":"r","width":19,"height":28,"xoffset":1,"yoffset":22,"xadvance":18,"chnl":15,"x":235,"y":484,"page":0},{"id":117,"index":744,"char":"u","width":27,"height":28,"xoffset":0,"yoffset":23,"xadvance":28,"chnl":15,"x":371,"y":335,"page":0},{"id":111,"index":738,"char":"o","width":28,"height":28,"xoffset":-1,"yoffset":22,"xadvance":27,"chnl":15,"x":399,"y":233,"page":0},{"id":115,"index":742,"char":"s","width":24,"height":28,"xoffset":-1,"yoffset":22,"xadvance":23,"chnl":15,"x":97,"y":483,"page":0},{"id":120,"index":747,"char":"x","width":28,"height":27,"xoffset":-2,"yoffset":23,"xadvance":25,"chnl":15,"x":418,"y":198,"page":0},{"id":99,"index":726,"char":"c","width":27,"height":28,"xoffset":-1,"yoffset":22,"xadvance":25,"chnl":15,"x":381,"y":364,"page":0},{"id":110,"index":737,"char":"n","width":27,"height":28,"xoffset":1,"yoffset":22,"xadvance":28,"chnl":15,"x":399,"y":335,"page":0},{"id":61,"index":688,"char":"=","width":28,"height":21,"xoffset":1,"yoffset":23,"xadvance":29,"chnl":15,"x":0,"y":491,"page":0},{"id":126,"index":753,"char":"~","width":28,"height":13,"xoffset":-1,"yoffset":28,"xadvance":27,"chnl":15,"x":199,"y":417,"page":0},{"id":122,"index":749,"char":"z","width":22,"height":27,"xoffset":-1,"yoffset":23,"xadvance":21,"chnl":15,"x":401,"y":301,"page":0},{"id":8211,"index":989,"char":"–","width":27,"height":10,"xoffset":1,"yoffset":28,"xadvance":29,"chnl":15,"x":72,"y":180,"page":0},{"id":43,"index":670,"char":"+","width":25,"height":25,"xoffset":0,"yoffset":21,"xadvance":26,"chnl":15,"x":36,"y":487,"page":0},{"id":45,"index":672,"char":"-","width":22,"height":10,"xoffset":0,"yoffset":28,"xadvance":24,"chnl":15,"x":59,"y":365,"page":0},{"id":176,"index":770,"char":"°","width":21,"height":19,"xoffset":-1,"yoffset":16,"xadvance":19,"chnl":15,"x":52,"y":73,"page":0},{"id":42,"index":669,"char":"*","width":20,"height":20,"xoffset":1,"yoffset":15,"xadvance":22,"chnl":15,"x":424,"y":301,"page":0},{"id":34,"index":661,"char":"\"","width":18,"height":13,"xoffset":0,"yoffset":12,"xadvance":17,"chnl":15,"x":494,"y":0,"page":0},{"id":44,"index":671,"char":",","width":13,"height":16,"xoffset":-1,"yoffset":39,"xadvance":12,"chnl":15,"x":82,"y":394,"page":0},{"id":46,"index":673,"char":".","width":13,"height":12,"xoffset":0,"yoffset":39,"xadvance":12,"chnl":15,"x":108,"y":430,"page":0},{"id":39,"index":666,"char":"'","width":10,"height":13,"xoffset":0,"yoffset":12,"xadvance":9,"chnl":15,"x":41,"y":29,"page":0}],"info":{"face":"Poppins-Bold","size":42,"bold":0,"italic":0,"charset":["a","z","e","r","t","y","u","i","o","p","q","s","d","f","g","h","j","k","l","m","w","x","c","v","b","n","A","Z","E","R","T","Y","U","I","O","P","Q","S","D","F","G","H","J","K","L","M","W","X","C","V","B","N","/","\\","*","-","–","+","7","8","9","4","5","6","1","2","3","0",",",";",":","!","?",".","%","$","£","€","=","{","}","(",")","[","]","&","~","\"","'","#","_","|","°","@","А","а","Б","б","В","в","Г","г","Д","д","Е","е","Ё","ё","Ж","ж","З","з","И","и","Й","й","К","к","Л","л","М","м","Н","н","О","о","П","п","Р","р","С","с","Т","т","У","у","Ф","ф","Х","х","Ц","ц","Ч","ч","Ш","ш","Щ","щ","Ъ","ъ","Ы","ы","Ь","ь","Э","э","Ю","ю","Я","я","ü","Ü","ö","Ö","ä","Ä","ñ","Ñ","ς","ε","ρ","τ","υ","θ","ι","ο","π","α","σ","δ","φ","γ","η","ξ","κ","λ","ζ","χ","ψ","ω","β","ν","μ","Ε","Ρ","Τ","Υ","Θ","Ι","Ο","Π","Α","Σ","Δ","Φ","Γ","Η","Ξ","Κ","Λ","Ζ","Χ","Ψ","Ω","Β","Ν","Μ","å","Å","æ","Æ","ø","Ø"],"unicode":1,"stretchH":100,"smooth":1,"aa":1,"padding":[2,2,2,2],"spacing":[0,0]},"common":{"lineHeight":63,"base":46,"scaleW":512,"scaleH":512,"pages":1,"packed":0,"alphaChnl":0,"redChnl":0,"greenChnl":0,"blueChnl":0},"distanceField":{"fieldType":"msdf","distanceRange":4},"kernings":[]}