{"pages":["Poppins-Regular.png"],"chars":[{"id":47,"index":674,"char":"/","width":19,"height":51,"xoffset":0,"yoffset":6,"xadvance":20,"chnl":15,"x":0,"y":0,"page":0},{"id":92,"index":719,"char":"\\","width":21,"height":51,"xoffset":4,"yoffset":6,"xadvance":28,"chnl":15,"x":0,"y":52,"page":0},{"id":123,"index":750,"char":"{","width":16,"height":51,"xoffset":2,"yoffset":7,"xadvance":19,"chnl":15,"x":20,"y":0,"page":0},{"id":125,"index":752,"char":"}","width":16,"height":51,"xoffset":1,"yoffset":7,"xadvance":19,"chnl":15,"x":0,"y":104,"page":0},{"id":40,"index":667,"char":"(","width":17,"height":51,"xoffset":3,"yoffset":7,"xadvance":19,"chnl":15,"x":0,"y":156,"page":0},{"id":41,"index":668,"char":")","width":17,"height":51,"xoffset":-1,"yoffset":7,"xadvance":19,"chnl":15,"x":17,"y":104,"page":0},{"id":91,"index":718,"char":"[","width":12,"height":51,"xoffset":4,"yoffset":7,"xadvance":18,"chnl":15,"x":22,"y":52,"page":0},{"id":93,"index":720,"char":"]","width":12,"height":51,"xoffset":3,"yoffset":7,"xadvance":18,"chnl":15,"x":0,"y":208,"page":0},{"id":106,"index":733,"char":"j","width":13,"height":47,"xoffset":-3,"yoffset":14,"xadvance":10,"chnl":15,"x":0,"y":260,"page":0},{"id":230,"index":824,"char":"æ","width":47,"height":28,"xoffset":0,"yoffset":23,"xadvance":46,"chnl":15,"x":13,"y":208,"page":0},{"id":197,"index":791,"char":"Å","width":30,"height":44,"xoffset":-1,"yoffset":6,"xadvance":28,"chnl":15,"x":18,"y":156,"page":0},{"id":87,"index":714,"char":"W","width":43,"height":33,"xoffset":-1,"yoffset":17,"xadvance":41,"chnl":15,"x":35,"y":52,"page":0},{"id":124,"index":751,"char":"|","width":8,"height":42,"xoffset":2,"yoffset":13,"xadvance":12,"chnl":15,"x":37,"y":0,"page":0},{"id":109,"index":736,"char":"m","width":41,"height":27,"xoffset":1,"yoffset":23,"xadvance":43,"chnl":15,"x":46,"y":0,"page":0},{"id":36,"index":663,"char":"$","width":24,"height":41,"xoffset":1,"yoffset":13,"xadvance":26,"chnl":15,"x":35,"y":86,"page":0},{"id":220,"index":814,"char":"Ü","width":26,"height":41,"xoffset":1,"yoffset":9,"xadvance":28,"chnl":15,"x":49,"y":128,"page":0},{"id":214,"index":808,"char":"Ö","width":33,"height":41,"xoffset":0,"yoffset":9,"xadvance":33,"chnl":15,"x":60,"y":86,"page":0},{"id":196,"index":790,"char":"Ä","width":30,"height":41,"xoffset":-1,"yoffset":9,"xadvance":28,"chnl":15,"x":79,"y":28,"page":0},{"id":64,"index":691,"char":"@","width":40,"height":39,"xoffset":1,"yoffset":19,"xadvance":43,"chnl":15,"x":0,"y":308,"page":0},{"id":209,"index":803,"char":"Ñ","width":27,"height":40,"xoffset":1,"yoffset":10,"xadvance":30,"chnl":15,"x":14,"y":237,"page":0},{"id":103,"index":730,"char":"g","width":27,"height":39,"xoffset":0,"yoffset":23,"xadvance":28,"chnl":15,"x":0,"y":348,"page":0},{"id":81,"index":708,"char":"Q","width":34,"height":39,"xoffset":0,"yoffset":16,"xadvance":33,"chnl":15,"x":0,"y":388,"page":0},{"id":229,"index":823,"char":"å","width":27,"height":39,"xoffset":0,"yoffset":12,"xadvance":28,"chnl":15,"x":28,"y":348,"page":0},{"id":198,"index":792,"char":"Æ","width":39,"height":33,"xoffset":-1,"yoffset":17,"xadvance":38,"chnl":15,"x":49,"y":170,"page":0},{"id":121,"index":748,"char":"y","width":27,"height":38,"xoffset":-1,"yoffset":23,"xadvance":24,"chnl":15,"x":76,"y":128,"page":0},{"id":112,"index":739,"char":"p","width":27,"height":38,"xoffset":1,"yoffset":23,"xadvance":28,"chnl":15,"x":94,"y":70,"page":0},{"id":113,"index":740,"char":"q","width":27,"height":38,"xoffset":0,"yoffset":23,"xadvance":28,"chnl":15,"x":41,"y":278,"page":0},{"id":119,"index":746,"char":"w","width":37,"height":27,"xoffset":-1,"yoffset":23,"xadvance":34,"chnl":15,"x":88,"y":0,"page":0},{"id":105,"index":732,"char":"i","width":9,"height":36,"xoffset":1,"yoffset":14,"xadvance":10,"chnl":15,"x":42,"y":237,"page":0},{"id":102,"index":729,"char":"f","width":16,"height":36,"xoffset":-1,"yoffset":14,"xadvance":14,"chnl":15,"x":52,"y":237,"page":0},{"id":56,"index":683,"char":"8","width":26,"height":36,"xoffset":1,"yoffset":15,"xadvance":27,"chnl":15,"x":110,"y":28,"page":0},{"id":8364,"index":1005,"char":"€","width":36,"height":34,"xoffset":-1,"yoffset":16,"xadvance":34,"chnl":15,"x":0,"y":428,"page":0},{"id":35,"index":662,"char":"#","width":36,"height":35,"xoffset":-1,"yoffset":15,"xadvance":35,"chnl":15,"x":35,"y":388,"page":0},{"id":100,"index":727,"char":"d","width":27,"height":35,"xoffset":0,"yoffset":15,"xadvance":28,"chnl":15,"x":0,"y":463,"page":0},{"id":104,"index":731,"char":"h","width":25,"height":35,"xoffset":1,"yoffset":15,"xadvance":27,"chnl":15,"x":28,"y":463,"page":0},{"id":107,"index":734,"char":"k","width":22,"height":35,"xoffset":1,"yoffset":15,"xadvance":22,"chnl":15,"x":37,"y":424,"page":0},{"id":108,"index":735,"char":"l","width":8,"height":35,"xoffset":1,"yoffset":15,"xadvance":10,"chnl":15,"x":54,"y":460,"page":0},{"id":98,"index":725,"char":"b","width":27,"height":35,"xoffset":1,"yoffset":15,"xadvance":28,"chnl":15,"x":60,"y":424,"page":0},{"id":57,"index":684,"char":"9","width":25,"height":35,"xoffset":1,"yoffset":15,"xadvance":26,"chnl":15,"x":63,"y":460,"page":0},{"id":54,"index":681,"char":"6","width":25,"height":35,"xoffset":1,"yoffset":15,"xadvance":27,"chnl":15,"x":56,"y":317,"page":0},{"id":50,"index":677,"char":"2","width":24,"height":35,"xoffset":0,"yoffset":15,"xadvance":24,"chnl":15,"x":72,"y":353,"page":0},{"id":51,"index":678,"char":"3","width":24,"height":35,"xoffset":0,"yoffset":15,"xadvance":25,"chnl":15,"x":88,"y":389,"page":0},{"id":48,"index":675,"char":"0","width":25,"height":35,"xoffset":1,"yoffset":15,"xadvance":26,"chnl":15,"x":89,"y":425,"page":0},{"id":252,"index":846,"char":"ü","width":25,"height":35,"xoffset":1,"yoffset":15,"xadvance":27,"chnl":15,"x":89,"y":461,"page":0},{"id":246,"index":840,"char":"ö","width":27,"height":35,"xoffset":0,"yoffset":15,"xadvance":27,"chnl":15,"x":69,"y":204,"page":0},{"id":228,"index":822,"char":"ä","width":27,"height":35,"xoffset":0,"yoffset":15,"xadvance":28,"chnl":15,"x":89,"y":167,"page":0},{"id":85,"index":712,"char":"U","width":26,"height":34,"xoffset":1,"yoffset":17,"xadvance":28,"chnl":15,"x":104,"y":109,"page":0},{"id":79,"index":706,"char":"O","width":33,"height":34,"xoffset":0,"yoffset":16,"xadvance":33,"chnl":15,"x":122,"y":65,"page":0},{"id":83,"index":710,"char":"S","width":24,"height":34,"xoffset":0,"yoffset":16,"xadvance":25,"chnl":15,"x":137,"y":0,"page":0},{"id":71,"index":698,"char":"G","width":33,"height":34,"xoffset":0,"yoffset":16,"xadvance":33,"chnl":15,"x":69,"y":240,"page":0},{"id":74,"index":701,"char":"J","width":20,"height":34,"xoffset":0,"yoffset":17,"xadvance":22,"chnl":15,"x":97,"y":203,"page":0},{"id":77,"index":704,"char":"M","width":34,"height":33,"xoffset":1,"yoffset":17,"xadvance":36,"chnl":15,"x":69,"y":275,"page":0},{"id":67,"index":694,"char":"C","width":32,"height":34,"xoffset":0,"yoffset":16,"xadvance":32,"chnl":15,"x":103,"y":238,"page":0},{"id":55,"index":682,"char":"7","width":24,"height":34,"xoffset":-1,"yoffset":16,"xadvance":23,"chnl":15,"x":82,"y":309,"page":0},{"id":52,"index":679,"char":"4","width":28,"height":34,"xoffset":0,"yoffset":16,"xadvance":26,"chnl":15,"x":104,"y":273,"page":0},{"id":53,"index":680,"char":"5","width":25,"height":34,"xoffset":1,"yoffset":16,"xadvance":26,"chnl":15,"x":97,"y":344,"page":0},{"id":49,"index":676,"char":"1","width":12,"height":34,"xoffset":0,"yoffset":16,"xadvance":13,"chnl":15,"x":56,"y":353,"page":0},{"id":33,"index":660,"char":"!","width":9,"height":34,"xoffset":2,"yoffset":17,"xadvance":13,"chnl":15,"x":72,"y":389,"page":0},{"id":63,"index":690,"char":"?","width":22,"height":34,"xoffset":0,"yoffset":16,"xadvance":22,"chnl":15,"x":107,"y":308,"page":0},{"id":37,"index":664,"char":"%","width":32,"height":34,"xoffset":0,"yoffset":16,"xadvance":32,"chnl":15,"x":113,"y":379,"page":0},{"id":163,"index":757,"char":"£","width":25,"height":34,"xoffset":0,"yoffset":16,"xadvance":26,"chnl":15,"x":123,"y":343,"page":0},{"id":38,"index":665,"char":"&","width":33,"height":34,"xoffset":0,"yoffset":16,"xadvance":31,"chnl":15,"x":130,"y":308,"page":0},{"id":241,"index":835,"char":"ñ","width":25,"height":34,"xoffset":1,"yoffset":16,"xadvance":27,"chnl":15,"x":133,"y":273,"page":0},{"id":216,"index":810,"char":"Ø","width":34,"height":34,"xoffset":-1,"yoffset":16,"xadvance":33,"chnl":15,"x":117,"y":144,"page":0},{"id":116,"index":743,"char":"t","width":17,"height":33,"xoffset":-1,"yoffset":17,"xadvance":15,"chnl":15,"x":131,"y":100,"page":0},{"id":65,"index":692,"char":"A","width":30,"height":33,"xoffset":-1,"yoffset":17,"xadvance":28,"chnl":15,"x":149,"y":100,"page":0},{"id":90,"index":717,"char":"Z","width":23,"height":33,"xoffset":0,"yoffset":17,"xadvance":23,"chnl":15,"x":118,"y":179,"page":0},{"id":69,"index":696,"char":"E","width":20,"height":33,"xoffset":1,"yoffset":17,"xadvance":22,"chnl":15,"x":136,"y":213,"page":0},{"id":82,"index":709,"char":"R","width":24,"height":33,"xoffset":1,"yoffset":17,"xadvance":26,"chnl":15,"x":142,"y":179,"page":0},{"id":84,"index":711,"char":"T","width":24,"height":33,"xoffset":-1,"yoffset":17,"xadvance":23,"chnl":15,"x":152,"y":134,"page":0},{"id":89,"index":716,"char":"Y","width":27,"height":33,"xoffset":-1,"yoffset":17,"xadvance":25,"chnl":15,"x":157,"y":213,"page":0},{"id":73,"index":700,"char":"I","width":8,"height":33,"xoffset":1,"yoffset":17,"xadvance":10,"chnl":15,"x":167,"y":168,"page":0},{"id":80,"index":707,"char":"P","width":24,"height":33,"xoffset":1,"yoffset":17,"xadvance":24,"chnl":15,"x":176,"y":168,"page":0},{"id":68,"index":695,"char":"D","width":29,"height":33,"xoffset":1,"yoffset":17,"xadvance":30,"chnl":15,"x":177,"y":134,"page":0},{"id":70,"index":697,"char":"F","width":21,"height":33,"xoffset":1,"yoffset":17,"xadvance":21,"chnl":15,"x":159,"y":247,"page":0},{"id":72,"index":699,"char":"H","width":27,"height":33,"xoffset":1,"yoffset":17,"xadvance":29,"chnl":15,"x":156,"y":35,"page":0},{"id":75,"index":702,"char":"K","width":25,"height":33,"xoffset":1,"yoffset":17,"xadvance":25,"chnl":15,"x":162,"y":0,"page":0},{"id":76,"index":703,"char":"L","width":18,"height":33,"xoffset":1,"yoffset":17,"xadvance":18,"chnl":15,"x":180,"y":69,"page":0},{"id":88,"index":715,"char":"X","width":26,"height":33,"xoffset":0,"yoffset":17,"xadvance":26,"chnl":15,"x":184,"y":34,"page":0},{"id":86,"index":713,"char":"V","width":31,"height":33,"xoffset":-1,"yoffset":17,"xadvance":28,"chnl":15,"x":188,"y":0,"page":0},{"id":66,"index":693,"char":"B","width":24,"height":33,"xoffset":1,"yoffset":17,"xadvance":26,"chnl":15,"x":199,"y":68,"page":0},{"id":78,"index":705,"char":"N","width":27,"height":33,"xoffset":1,"yoffset":17,"xadvance":30,"chnl":15,"x":211,"y":34,"page":0},{"id":59,"index":686,"char":";","width":11,"height":33,"xoffset":-1,"yoffset":23,"xadvance":11,"chnl":15,"x":220,"y":0,"page":0},{"id":1040,"index":0,"char":"А","width":25,"height":33,"xoffset":-2,"yoffset":17,"xadvance":21,"chnl":15,"x":232,"y":0,"page":0},{"id":1072,"index":0,"char":"а","width":25,"height":33,"xoffset":-2,"yoffset":17,"xadvance":21,"chnl":15,"x":115,"y":414,"page":0},{"id":1041,"index":0,"char":"Б","width":25,"height":33,"xoffset":-2,"yoffset":17,"xadvance":21,"chnl":15,"x":115,"y":448,"page":0},{"id":1073,"index":0,"char":"б","width":25,"height":33,"xoffset":-2,"yoffset":17,"xadvance":21,"chnl":15,"x":141,"y":414,"page":0},{"id":1042,"index":0,"char":"В","width":25,"height":33,"xoffset":-2,"yoffset":17,"xadvance":21,"chnl":15,"x":146,"y":378,"page":0},{"id":1074,"index":0,"char":"в","width":25,"height":33,"xoffset":-2,"yoffset":17,"xadvance":21,"chnl":15,"x":149,"y":343,"page":0},{"id":1043,"index":0,"char":"Г","width":25,"height":33,"xoffset":-2,"yoffset":17,"xadvance":21,"chnl":15,"x":164,"y":281,"page":0},{"id":1075,"index":0,"char":"г","width":25,"height":33,"xoffset":-2,"yoffset":17,"xadvance":21,"chnl":15,"x":181,"y":247,"page":0},{"id":1044,"index":0,"char":"Д","width":25,"height":33,"xoffset":-2,"yoffset":17,"xadvance":21,"chnl":15,"x":185,"y":202,"page":0},{"id":1076,"index":0,"char":"д","width":25,"height":33,"xoffset":-2,"yoffset":17,"xadvance":21,"chnl":15,"x":201,"y":168,"page":0},{"id":1045,"index":0,"char":"Е","width":25,"height":33,"xoffset":-2,"yoffset":17,"xadvance":21,"chnl":15,"x":141,"y":448,"page":0},{"id":1077,"index":0,"char":"е","width":25,"height":33,"xoffset":-2,"yoffset":17,"xadvance":21,"chnl":15,"x":207,"y":102,"page":0},{"id":1025,"index":0,"char":"Ё","width":25,"height":33,"xoffset":-2,"yoffset":17,"xadvance":21,"chnl":15,"x":224,"y":68,"page":0},{"id":1105,"index":0,"char":"ё","width":25,"height":33,"xoffset":-2,"yoffset":17,"xadvance":21,"chnl":15,"x":239,"y":34,"page":0},{"id":1046,"index":0,"char":"Ж","width":25,"height":33,"xoffset":-2,"yoffset":17,"xadvance":21,"chnl":15,"x":258,"y":0,"page":0},{"id":1078,"index":0,"char":"ж","width":25,"height":33,"xoffset":-2,"yoffset":17,"xadvance":21,"chnl":15,"x":167,"y":412,"page":0},{"id":1047,"index":0,"char":"З","width":25,"height":33,"xoffset":-2,"yoffset":17,"xadvance":21,"chnl":15,"x":172,"y":377,"page":0},{"id":1079,"index":0,"char":"з","width":25,"height":33,"xoffset":-2,"yoffset":17,"xadvance":21,"chnl":15,"x":175,"y":315,"page":0},{"id":1048,"index":0,"char":"И","width":25,"height":33,"xoffset":-2,"yoffset":17,"xadvance":21,"chnl":15,"x":190,"y":281,"page":0},{"id":1080,"index":0,"char":"и","width":25,"height":33,"xoffset":-2,"yoffset":17,"xadvance":21,"chnl":15,"x":207,"y":236,"page":0},{"id":1049,"index":0,"char":"Й","width":25,"height":33,"xoffset":-2,"yoffset":17,"xadvance":21,"chnl":15,"x":211,"y":202,"page":0},{"id":1081,"index":0,"char":"й","width":25,"height":33,"xoffset":-2,"yoffset":17,"xadvance":21,"chnl":15,"x":227,"y":136,"page":0},{"id":1050,"index":0,"char":"К","width":25,"height":33,"xoffset":-2,"yoffset":17,"xadvance":21,"chnl":15,"x":233,"y":102,"page":0},{"id":1082,"index":0,"char":"к","width":25,"height":33,"xoffset":-2,"yoffset":17,"xadvance":21,"chnl":15,"x":250,"y":68,"page":0},{"id":1051,"index":0,"char":"Л","width":25,"height":33,"xoffset":-2,"yoffset":17,"xadvance":21,"chnl":15,"x":265,"y":34,"page":0},{"id":1083,"index":0,"char":"л","width":25,"height":33,"xoffset":-2,"yoffset":17,"xadvance":21,"chnl":15,"x":284,"y":0,"page":0},{"id":1052,"index":0,"char":"М","width":25,"height":33,"xoffset":-2,"yoffset":17,"xadvance":21,"chnl":15,"x":167,"y":446,"page":0},{"id":1084,"index":0,"char":"м","width":25,"height":33,"xoffset":-2,"yoffset":17,"xadvance":21,"chnl":15,"x":193,"y":411,"page":0},{"id":1053,"index":0,"char":"Н","width":25,"height":33,"xoffset":-2,"yoffset":17,"xadvance":21,"chnl":15,"x":198,"y":349,"page":0},{"id":1085,"index":0,"char":"н","width":25,"height":33,"xoffset":-2,"yoffset":17,"xadvance":21,"chnl":15,"x":201,"y":315,"page":0},{"id":1054,"index":0,"char":"О","width":25,"height":33,"xoffset":-2,"yoffset":17,"xadvance":21,"chnl":15,"x":216,"y":270,"page":0},{"id":1086,"index":0,"char":"о","width":25,"height":33,"xoffset":-2,"yoffset":17,"xadvance":21,"chnl":15,"x":233,"y":236,"page":0},{"id":1055,"index":0,"char":"П","width":25,"height":33,"xoffset":-2,"yoffset":17,"xadvance":21,"chnl":15,"x":237,"y":170,"page":0},{"id":1087,"index":0,"char":"п","width":25,"height":33,"xoffset":-2,"yoffset":17,"xadvance":21,"chnl":15,"x":253,"y":136,"page":0},{"id":1056,"index":0,"char":"Р","width":25,"height":33,"xoffset":-2,"yoffset":17,"xadvance":21,"chnl":15,"x":259,"y":102,"page":0},{"id":1088,"index":0,"char":"р","width":25,"height":33,"xoffset":-2,"yoffset":17,"xadvance":21,"chnl":15,"x":276,"y":68,"page":0},{"id":1057,"index":0,"char":"С","width":25,"height":33,"xoffset":-2,"yoffset":17,"xadvance":21,"chnl":15,"x":291,"y":34,"page":0},{"id":1089,"index":0,"char":"с","width":25,"height":33,"xoffset":-2,"yoffset":17,"xadvance":21,"chnl":15,"x":310,"y":0,"page":0},{"id":1058,"index":0,"char":"Т","width":25,"height":33,"xoffset":-2,"yoffset":17,"xadvance":21,"chnl":15,"x":193,"y":445,"page":0},{"id":1090,"index":0,"char":"т","width":25,"height":33,"xoffset":-2,"yoffset":17,"xadvance":21,"chnl":15,"x":193,"y":479,"page":0},{"id":1059,"index":0,"char":"У","width":25,"height":33,"xoffset":-2,"yoffset":17,"xadvance":21,"chnl":15,"x":219,"y":383,"page":0},{"id":1091,"index":0,"char":"у","width":25,"height":33,"xoffset":-2,"yoffset":17,"xadvance":21,"chnl":15,"x":224,"y":349,"page":0},{"id":1060,"index":0,"char":"Ф","width":25,"height":33,"xoffset":-2,"yoffset":17,"xadvance":21,"chnl":15,"x":227,"y":304,"page":0},{"id":1092,"index":0,"char":"ф","width":25,"height":33,"xoffset":-2,"yoffset":17,"xadvance":21,"chnl":15,"x":242,"y":270,"page":0},{"id":1061,"index":0,"char":"Х","width":25,"height":33,"xoffset":-2,"yoffset":17,"xadvance":21,"chnl":15,"x":259,"y":204,"page":0},{"id":1093,"index":0,"char":"х","width":25,"height":33,"xoffset":-2,"yoffset":17,"xadvance":21,"chnl":15,"x":263,"y":170,"page":0},{"id":1062,"index":0,"char":"Ц","width":25,"height":33,"xoffset":-2,"yoffset":17,"xadvance":21,"chnl":15,"x":279,"y":136,"page":0},{"id":1094,"index":0,"char":"ц","width":25,"height":33,"xoffset":-2,"yoffset":17,"xadvance":21,"chnl":15,"x":285,"y":102,"page":0},{"id":1063,"index":0,"char":"Ч","width":25,"height":33,"xoffset":-2,"yoffset":17,"xadvance":21,"chnl":15,"x":302,"y":68,"page":0},{"id":1095,"index":0,"char":"ч","width":25,"height":33,"xoffset":-2,"yoffset":17,"xadvance":21,"chnl":15,"x":317,"y":34,"page":0},{"id":1064,"index":0,"char":"Ш","width":25,"height":33,"xoffset":-2,"yoffset":17,"xadvance":21,"chnl":15,"x":336,"y":0,"page":0},{"id":1096,"index":0,"char":"ш","width":25,"height":33,"xoffset":-2,"yoffset":17,"xadvance":21,"chnl":15,"x":219,"y":417,"page":0},{"id":1065,"index":0,"char":"Щ","width":25,"height":33,"xoffset":-2,"yoffset":17,"xadvance":21,"chnl":15,"x":219,"y":451,"page":0},{"id":1097,"index":0,"char":"щ","width":25,"height":33,"xoffset":-2,"yoffset":17,"xadvance":21,"chnl":15,"x":245,"y":383,"page":0},{"id":1066,"index":0,"char":"Ъ","width":25,"height":33,"xoffset":-2,"yoffset":17,"xadvance":21,"chnl":15,"x":250,"y":338,"page":0},{"id":1098,"index":0,"char":"ъ","width":25,"height":33,"xoffset":-2,"yoffset":17,"xadvance":21,"chnl":15,"x":253,"y":304,"page":0},{"id":1067,"index":0,"char":"Ы","width":25,"height":33,"xoffset":-2,"yoffset":17,"xadvance":21,"chnl":15,"x":268,"y":238,"page":0},{"id":1099,"index":0,"char":"ы","width":25,"height":33,"xoffset":-2,"yoffset":17,"xadvance":21,"chnl":15,"x":285,"y":204,"page":0},{"id":1068,"index":0,"char":"Ь","width":25,"height":33,"xoffset":-2,"yoffset":17,"xadvance":21,"chnl":15,"x":289,"y":170,"page":0},{"id":1100,"index":0,"char":"ь","width":25,"height":33,"xoffset":-2,"yoffset":17,"xadvance":21,"chnl":15,"x":305,"y":136,"page":0},{"id":1069,"index":0,"char":"Э","width":25,"height":33,"xoffset":-2,"yoffset":17,"xadvance":21,"chnl":15,"x":311,"y":102,"page":0},{"id":1101,"index":0,"char":"э","width":25,"height":33,"xoffset":-2,"yoffset":17,"xadvance":21,"chnl":15,"x":328,"y":68,"page":0},{"id":1070,"index":0,"char":"Ю","width":25,"height":33,"xoffset":-2,"yoffset":17,"xadvance":21,"chnl":15,"x":343,"y":34,"page":0},{"id":1102,"index":0,"char":"ю","width":25,"height":33,"xoffset":-2,"yoffset":17,"xadvance":21,"chnl":15,"x":362,"y":0,"page":0},{"id":1071,"index":0,"char":"Я","width":25,"height":33,"xoffset":-2,"yoffset":17,"xadvance":21,"chnl":15,"x":245,"y":417,"page":0},{"id":1103,"index":0,"char":"я","width":25,"height":33,"xoffset":-2,"yoffset":17,"xadvance":21,"chnl":15,"x":245,"y":451,"page":0},{"id":962,"index":0,"char":"ς","width":25,"height":33,"xoffset":-2,"yoffset":17,"xadvance":21,"chnl":15,"x":388,"y":0,"page":0},{"id":949,"index":0,"char":"ε","width":25,"height":33,"xoffset":-2,"yoffset":17,"xadvance":21,"chnl":15,"x":414,"y":0,"page":0},{"id":961,"index":0,"char":"ρ","width":25,"height":33,"xoffset":-2,"yoffset":17,"xadvance":21,"chnl":15,"x":440,"y":0,"page":0},{"id":964,"index":0,"char":"τ","width":25,"height":33,"xoffset":-2,"yoffset":17,"xadvance":21,"chnl":15,"x":466,"y":0,"page":0},{"id":965,"index":0,"char":"υ","width":25,"height":33,"xoffset":-2,"yoffset":17,"xadvance":21,"chnl":15,"x":271,"y":372,"page":0},{"id":952,"index":0,"char":"θ","width":25,"height":33,"xoffset":-2,"yoffset":17,"xadvance":21,"chnl":15,"x":276,"y":338,"page":0},{"id":953,"index":0,"char":"ι","width":25,"height":33,"xoffset":-2,"yoffset":17,"xadvance":21,"chnl":15,"x":279,"y":272,"page":0},{"id":959,"index":0,"char":"ο","width":25,"height":33,"xoffset":-2,"yoffset":17,"xadvance":21,"chnl":15,"x":294,"y":238,"page":0},{"id":945,"index":0,"char":"α","width":25,"height":33,"xoffset":-2,"yoffset":17,"xadvance":21,"chnl":15,"x":311,"y":204,"page":0},{"id":963,"index":0,"char":"σ","width":25,"height":33,"xoffset":-2,"yoffset":17,"xadvance":21,"chnl":15,"x":315,"y":170,"page":0},{"id":948,"index":0,"char":"δ","width":25,"height":33,"xoffset":-2,"yoffset":17,"xadvance":21,"chnl":15,"x":331,"y":136,"page":0},{"id":966,"index":0,"char":"φ","width":25,"height":33,"xoffset":-2,"yoffset":17,"xadvance":21,"chnl":15,"x":337,"y":102,"page":0},{"id":947,"index":0,"char":"γ","width":25,"height":33,"xoffset":-2,"yoffset":17,"xadvance":21,"chnl":15,"x":354,"y":68,"page":0},{"id":951,"index":0,"char":"η","width":25,"height":33,"xoffset":-2,"yoffset":17,"xadvance":21,"chnl":15,"x":369,"y":34,"page":0},{"id":958,"index":0,"char":"ξ","width":25,"height":33,"xoffset":-2,"yoffset":17,"xadvance":21,"chnl":15,"x":271,"y":406,"page":0},{"id":954,"index":0,"char":"κ","width":25,"height":33,"xoffset":-2,"yoffset":17,"xadvance":21,"chnl":15,"x":271,"y":440,"page":0},{"id":955,"index":0,"char":"λ","width":25,"height":33,"xoffset":-2,"yoffset":17,"xadvance":21,"chnl":15,"x":271,"y":474,"page":0},{"id":950,"index":0,"char":"ζ","width":25,"height":33,"xoffset":-2,"yoffset":17,"xadvance":21,"chnl":15,"x":395,"y":34,"page":0},{"id":967,"index":0,"char":"χ","width":25,"height":33,"xoffset":-2,"yoffset":17,"xadvance":21,"chnl":15,"x":421,"y":34,"page":0},{"id":968,"index":0,"char":"ψ","width":25,"height":33,"xoffset":-2,"yoffset":17,"xadvance":21,"chnl":15,"x":447,"y":34,"page":0},{"id":969,"index":0,"char":"ω","width":25,"height":33,"xoffset":-2,"yoffset":17,"xadvance":21,"chnl":15,"x":473,"y":34,"page":0},{"id":946,"index":0,"char":"β","width":25,"height":33,"xoffset":-2,"yoffset":17,"xadvance":21,"chnl":15,"x":297,"y":372,"page":0},{"id":957,"index":0,"char":"ν","width":25,"height":33,"xoffset":-2,"yoffset":17,"xadvance":21,"chnl":15,"x":302,"y":306,"page":0},{"id":956,"index":0,"char":"μ","width":25,"height":33,"xoffset":-2,"yoffset":17,"xadvance":21,"chnl":15,"x":305,"y":272,"page":0},{"id":917,"index":0,"char":"Ε","width":25,"height":33,"xoffset":-2,"yoffset":17,"xadvance":21,"chnl":15,"x":320,"y":238,"page":0},{"id":929,"index":0,"char":"Ρ","width":25,"height":33,"xoffset":-2,"yoffset":17,"xadvance":21,"chnl":15,"x":337,"y":204,"page":0},{"id":932,"index":0,"char":"Τ","width":25,"height":33,"xoffset":-2,"yoffset":17,"xadvance":21,"chnl":15,"x":341,"y":170,"page":0},{"id":933,"index":0,"char":"Υ","width":25,"height":33,"xoffset":-2,"yoffset":17,"xadvance":21,"chnl":15,"x":357,"y":136,"page":0},{"id":920,"index":0,"char":"Θ","width":25,"height":33,"xoffset":-2,"yoffset":17,"xadvance":21,"chnl":15,"x":363,"y":102,"page":0},{"id":921,"index":0,"char":"Ι","width":25,"height":33,"xoffset":-2,"yoffset":17,"xadvance":21,"chnl":15,"x":380,"y":68,"page":0},{"id":927,"index":0,"char":"Ο","width":25,"height":33,"xoffset":-2,"yoffset":17,"xadvance":21,"chnl":15,"x":297,"y":406,"page":0},{"id":928,"index":0,"char":"Π","width":25,"height":33,"xoffset":-2,"yoffset":17,"xadvance":21,"chnl":15,"x":297,"y":440,"page":0},{"id":913,"index":0,"char":"Α","width":25,"height":33,"xoffset":-2,"yoffset":17,"xadvance":21,"chnl":15,"x":297,"y":474,"page":0},{"id":931,"index":0,"char":"Σ","width":25,"height":33,"xoffset":-2,"yoffset":17,"xadvance":21,"chnl":15,"x":406,"y":68,"page":0},{"id":916,"index":0,"char":"Δ","width":25,"height":33,"xoffset":-2,"yoffset":17,"xadvance":21,"chnl":15,"x":432,"y":68,"page":0},{"id":934,"index":0,"char":"Φ","width":25,"height":33,"xoffset":-2,"yoffset":17,"xadvance":21,"chnl":15,"x":458,"y":68,"page":0},{"id":915,"index":0,"char":"Γ","width":25,"height":33,"xoffset":-2,"yoffset":17,"xadvance":21,"chnl":15,"x":484,"y":68,"page":0},{"id":919,"index":0,"char":"Η","width":25,"height":33,"xoffset":-2,"yoffset":17,"xadvance":21,"chnl":15,"x":389,"y":102,"page":0},{"id":926,"index":0,"char":"Ξ","width":25,"height":33,"xoffset":-2,"yoffset":17,"xadvance":21,"chnl":15,"x":415,"y":102,"page":0},{"id":922,"index":0,"char":"Κ","width":25,"height":33,"xoffset":-2,"yoffset":17,"xadvance":21,"chnl":15,"x":441,"y":102,"page":0},{"id":923,"index":0,"char":"Λ","width":25,"height":33,"xoffset":-2,"yoffset":17,"xadvance":21,"chnl":15,"x":467,"y":102,"page":0},{"id":918,"index":0,"char":"Ζ","width":25,"height":33,"xoffset":-2,"yoffset":17,"xadvance":21,"chnl":15,"x":383,"y":136,"page":0},{"id":935,"index":0,"char":"Χ","width":25,"height":33,"xoffset":-2,"yoffset":17,"xadvance":21,"chnl":15,"x":409,"y":136,"page":0},{"id":936,"index":0,"char":"Ψ","width":25,"height":33,"xoffset":-2,"yoffset":17,"xadvance":21,"chnl":15,"x":435,"y":136,"page":0},{"id":937,"index":0,"char":"Ω","width":25,"height":33,"xoffset":-2,"yoffset":17,"xadvance":21,"chnl":15,"x":461,"y":136,"page":0},{"id":914,"index":0,"char":"Β","width":25,"height":33,"xoffset":-2,"yoffset":17,"xadvance":21,"chnl":15,"x":487,"y":136,"page":0},{"id":925,"index":0,"char":"Ν","width":25,"height":33,"xoffset":-2,"yoffset":17,"xadvance":21,"chnl":15,"x":367,"y":170,"page":0},{"id":924,"index":0,"char":"Μ","width":25,"height":33,"xoffset":-2,"yoffset":17,"xadvance":21,"chnl":15,"x":393,"y":170,"page":0},{"id":960,"index":976,"char":"π","width":30,"height":27,"xoffset":0,"yoffset":23,"xadvance":30,"chnl":15,"x":219,"y":485,"page":0},{"id":97,"index":724,"char":"a","width":27,"height":28,"xoffset":0,"yoffset":23,"xadvance":28,"chnl":15,"x":115,"y":482,"page":0},{"id":101,"index":728,"char":"e","width":26,"height":28,"xoffset":0,"yoffset":23,"xadvance":26,"chnl":15,"x":14,"y":278,"page":0},{"id":111,"index":738,"char":"o","width":27,"height":28,"xoffset":0,"yoffset":23,"xadvance":27,"chnl":15,"x":143,"y":482,"page":0},{"id":115,"index":742,"char":"s","width":22,"height":28,"xoffset":0,"yoffset":23,"xadvance":22,"chnl":15,"x":279,"y":306,"page":0},{"id":99,"index":726,"char":"c","width":26,"height":28,"xoffset":0,"yoffset":23,"xadvance":25,"chnl":15,"x":180,"y":103,"page":0},{"id":248,"index":842,"char":"ø","width":28,"height":28,"xoffset":0,"yoffset":23,"xadvance":27,"chnl":15,"x":302,"y":340,"page":0},{"id":122,"index":749,"char":"z","width":20,"height":27,"xoffset":0,"yoffset":23,"xadvance":19,"chnl":15,"x":175,"y":349,"page":0},{"id":114,"index":741,"char":"r","width":15,"height":27,"xoffset":1,"yoffset":23,"xadvance":16,"chnl":15,"x":198,"y":383,"page":0},{"id":117,"index":744,"char":"u","width":25,"height":27,"xoffset":1,"yoffset":23,"xadvance":27,"chnl":15,"x":328,"y":306,"page":0},{"id":120,"index":747,"char":"x","width":23,"height":27,"xoffset":-1,"yoffset":23,"xadvance":20,"chnl":15,"x":156,"y":69,"page":0},{"id":118,"index":745,"char":"v","width":27,"height":27,"xoffset":-1,"yoffset":23,"xadvance":24,"chnl":15,"x":331,"y":272,"page":0},{"id":110,"index":737,"char":"n","width":25,"height":27,"xoffset":1,"yoffset":23,"xadvance":27,"chnl":15,"x":346,"y":238,"page":0},{"id":58,"index":685,"char":":","width":9,"height":27,"xoffset":0,"yoffset":23,"xadvance":9,"chnl":15,"x":35,"y":128,"page":0},{"id":8211,"index":989,"char":"–","width":26,"height":7,"xoffset":1,"yoffset":29,"xadvance":28,"chnl":15,"x":37,"y":43,"page":0},{"id":61,"index":688,"char":"=","width":26,"height":16,"xoffset":2,"yoffset":24,"xadvance":30,"chnl":15,"x":54,"y":496,"page":0},{"id":95,"index":722,"char":"_","width":26,"height":8,"xoffset":2,"yoffset":48,"xadvance":31,"chnl":15,"x":0,"y":499,"page":0},{"id":43,"index":670,"char":"+","width":25,"height":25,"xoffset":2,"yoffset":20,"xadvance":29,"chnl":15,"x":363,"y":204,"page":0},{"id":126,"index":753,"char":"~","width":23,"height":10,"xoffset":0,"yoffset":29,"xadvance":22,"chnl":15,"x":27,"y":499,"page":0},{"id":45,"index":672,"char":"-","width":21,"height":7,"xoffset":0,"yoffset":29,"xadvance":23,"chnl":15,"x":185,"y":236,"page":0},{"id":42,"index":669,"char":"*","width":19,"height":20,"xoffset":1,"yoffset":15,"xadvance":20,"chnl":15,"x":207,"y":136,"page":0},{"id":176,"index":770,"char":"°","width":19,"height":19,"xoffset":-1,"yoffset":17,"xadvance":17,"chnl":15,"x":493,"y":102,"page":0},{"id":44,"index":671,"char":",","width":11,"height":15,"xoffset":-2,"yoffset":41,"xadvance":8,"chnl":15,"x":79,"y":70,"page":0},{"id":34,"index":661,"char":"\"","width":13,"height":12,"xoffset":-1,"yoffset":13,"xadvance":12,"chnl":15,"x":499,"y":0,"page":0},{"id":39,"index":666,"char":"'","width":8,"height":12,"xoffset":-1,"yoffset":13,"xadvance":7,"chnl":15,"x":259,"y":238,"page":0},{"id":46,"index":673,"char":".","width":9,"height":9,"xoffset":0,"yoffset":41,"xadvance":9,"chnl":15,"x":94,"y":109,"page":0}],"info":{"face":"Poppins-Regular","size":42,"bold":0,"italic":0,"charset":["a","z","e","r","t","y","u","i","o","p","q","s","d","f","g","h","j","k","l","m","w","x","c","v","b","n","A","Z","E","R","T","Y","U","I","O","P","Q","S","D","F","G","H","J","K","L","M","W","X","C","V","B","N","/","\\","*","-","–","+","7","8","9","4","5","6","1","2","3","0",",",";",":","!","?",".","%","$","£","€","=","{","}","(",")","[","]","&","~","\"","'","#","_","|","°","@","А","а","Б","б","В","в","Г","г","Д","д","Е","е","Ё","ё","Ж","ж","З","з","И","и","Й","й","К","к","Л","л","М","м","Н","н","О","о","П","п","Р","р","С","с","Т","т","У","у","Ф","ф","Х","х","Ц","ц","Ч","ч","Ш","ш","Щ","щ","Ъ","ъ","Ы","ы","Ь","ь","Э","э","Ю","ю","Я","я","ü","Ü","ö","Ö","ä","Ä","ñ","Ñ","ς","ε","ρ","τ","υ","θ","ι","ο","π","α","σ","δ","φ","γ","η","ξ","κ","λ","ζ","χ","ψ","ω","β","ν","μ","Ε","Ρ","Τ","Υ","Θ","Ι","Ο","Π","Α","Σ","Δ","Φ","Γ","Η","Ξ","Κ","Λ","Ζ","Χ","Ψ","Ω","Β","Ν","Μ","å","Å","æ","Æ","ø","Ø"],"unicode":1,"stretchH":100,"smooth":1,"aa":1,"padding":[2,2,2,2],"spacing":[0,0]},"common":{"lineHeight":63,"base":46,"scaleW":512,"scaleH":512,"pages":1,"packed":0,"alphaChnl":0,"redChnl":0,"greenChnl":0,"blueChnl":0},"distanceField":{"fieldType":"msdf","distanceRange":4},"kernings":[]}